{"train/Bpp Loss Training":0.903964638710022,"_wandb":{"runtime":19},"_runtime":19,"train/Aux Loss Training":1237.38525390625,"_timestamp":1.7719308318564727e+09,"_step":24,"train/Rate Distortion Loss":102.14415740966797,"train/MSE Loss Training":0.15569426119327545}