{"_timestamp":1.7719307704056015e+09,"_step":12,"train/Rate Distortion Loss":117.20781707763672,"train/MSE Loss Training":0.1787458211183548,"train/Bpp Loss Training":0.9783511161804199,"train/Aux Loss Training":1236.564697265625,"_wandb":{"runtime":11},"_runtime":11}