{"train/Aux Loss Training":1175.672607421875,"_step":657,"_wandb":{"runtime":508},"eval/MSE_loss_ma":0.01927757076919079,"train/Rate Distortion Loss":13.803611755371094,"_timestamp":1.7719314389785447e+09,"train/Bpp Loss Training":1.7102484703063965,"eval/Loss_ma":14.096632957458496,"eval/Bpp_loss_ma":1.5613927841186523,"train/MSE Loss Training":0.018598021939396858,"eval/Aux_loss_ma":1176.48828125,"_runtime":508}