{"train/Rate Distortion Loss":112.11137390136719,"train/Bpp Loss Training":0.9258434772491455,"eval/Aux_loss_ma":1236.1077880859375,"_timestamp":1.7719308968024492e+09,"eval/Bpp_loss_ma":0.6306800246238708,"_wandb":{"runtime":19},"train/MSE Loss Training":0.17098890244960785,"_runtime":19,"train/Aux Loss Training":1236.116943359375,"_step":25,"eval/MSE_loss_ma":0.16621381044387817,"eval/Loss_ma":108.7112045288086}